#{"t_start": 1666232820.3792925, "env_id": "smb-snake-v0"}
r,l,t
15.918845,15,32.668772
120.470726,82,252.829995
21.006254,10,270.19163
