#{"t_start": 1666234586.0543015, "env_id": "smb-snake-v0"}
r,l,t
122.65642,117,117.404738
494.389637,191,356.186231
1399.603206,376,996.971061
46.938192,12,1039.549775
